{
  "Total" : {
    "transaction" : "Total",
    "sampleCount" : 800,
    "errorCount" : 0,
    "errorPct" : 0.0,
    "meanResTime" : 238.27125000000018,
    "medianResTime" : 241.0,
    "minResTime" : 186.0,
    "maxResTime" : 338.0,
    "pct1ResTime" : 260.0,
    "pct2ResTime" : 266.94999999999993,
    "pct3ResTime" : 281.99,
    "throughput" : 5.89518363497023,
    "receivedKBytesPerSec" : 3.759330970347226,
    "sentKBytesPerSec" : 9.362274117748923
  },
  "Send survey responses" : {
    "transaction" : "Send survey responses",
    "sampleCount" : 400,
    "errorCount" : 0,
    "errorPct" : 0.0,
    "meanResTime" : 227.57500000000007,
    "medianResTime" : 225.0,
    "minResTime" : 186.0,
    "maxResTime" : 338.0,
    "pct1ResTime" : 254.90000000000003,
    "pct2ResTime" : 266.0,
    "pct3ResTime" : 285.99,
    "throughput" : 6.652474720596062,
    "receivedKBytesPerSec" : 4.625548829164449,
    "sentKBytesPerSec" : 19.459121972084553
  },
  "Login respondents" : {
    "transaction" : "Login respondents",
    "sampleCount" : 400,
    "errorCount" : 0,
    "errorPct" : 0.0,
    "meanResTime" : 248.96750000000003,
    "medianResTime" : 248.0,
    "minResTime" : 226.0,
    "maxResTime" : 286.0,
    "pct1ResTime" : 261.0,
    "pct2ResTime" : 268.0,
    "pct3ResTime" : 281.0,
    "throughput" : 6.656238559589976,
    "receivedKBytesPerSec" : 3.8611383831996537,
    "sentKBytesPerSec" : 1.6717136642177255
  }
}